{
  "window_end_date": "2025-09-16",
  "T_mean_7": 21.866666666666664,
  "T_min_7": 14.2,
  "T_max_7": 28.4,
  "RH_mean_7": 67.0551724137931,
  "RH_max_7": 91.0,
  "Rain_sum_7": 0.30000000000000004,
  "Rain_days_7": 0,
  "Rain_hours_7": 3,
  "RH_hours_ge90_7": 5,
  "LWD_hours_7": 8,
  "VPD_mean_7": 0.8416018131723381,
  "VPD_max_7": 2.25626149065189,
  "Humid_streak_10": 0
}